function,path,wrapper,declared_tier,has_resource_scope_check,has_permission_leaf_check,uses_service_client_directly,gaps
accept-org-invite,supabase/functions/accept-org-invite/index.ts,serveAuthenticated,"org (authenticated user)",no,no,no,""
accept-parking-invite,supabase/functions/accept-parking-invite/index.ts,serveAuthenticated,"org (authenticated user)",yes,no,no,""
accept-property-invite,supabase/functions/accept-property-invite/index.ts,serveAuthenticated,"org (authenticated user)",yes,no,no,""
activity-log-export,supabase/functions/activity-log-export/index.ts,serveAuthenticated,"org (authenticated user)",yes,no,yes,""
activity-log-retention-cron,supabase/functions/activity-log-retention-cron/index.ts,serveCronPost,"cron (secret-gated)",no,no,yes,""
ai-platform-credit-wallet,supabase/functions/ai-platform-credit-wallet/index.ts,serveSuperAdmin,"super-admin",yes,no,yes,""
ai-platform-generation-overrides,supabase/functions/ai-platform-generation-overrides/index.ts,serveSuperAdmin,"super-admin",yes,no,yes,""
ai-platform-global-settings,supabase/functions/ai-platform-global-settings/index.ts,serveSuperAdmin,"super-admin",yes,no,no,""
ai-platform-property-settings,supabase/functions/ai-platform-property-settings/index.ts,serveAuthenticated,"org (authenticated user)",yes,no,no,""
ai-platform-settings,supabase/functions/ai-platform-settings/index.ts,serveAuthenticated,"org (authenticated user)",yes,no,no,""
ai-platform-usage,supabase/functions/ai-platform-usage/index.ts,serveAuthenticated,"org (authenticated user)",yes,no,no,""
analytics-ai-review,supabase/functions/analytics-ai-review/index.ts,serveAuthenticated,"org (authenticated user)",yes,no,yes,""
analytics-ai-review-cron,supabase/functions/analytics-ai-review-cron/index.ts,serveCronPost,"cron (secret-gated)",no,no,yes,""
analytics-org-summary,supabase/functions/analytics-org-summary/index.ts,serveAuthenticated,"org (authenticated user)",yes,no,yes,""
analytics-summary,supabase/functions/analytics-summary/index.ts,serveAuthenticated,"org (authenticated user)",yes,no,no,""
app-settings,supabase/functions/app-settings/index.ts,serveAuthenticated,"org (authenticated user)",yes,yes,yes,""
apply-org-plan-downgrade,supabase/functions/apply-org-plan-downgrade/index.ts,serveAuthenticated,"org (authenticated user)",yes,no,no,""
approval-email-webhook,supabase/functions/approval-email-webhook/index.ts,servePublic,"guest-anon",yes,no,no,""
approve-listing-authorization,supabase/functions/approve-listing-authorization/index.ts,serveAuthenticated,"org (authenticated user)",yes,no,yes,""
approve-listing-recommended,supabase/functions/approve-listing-recommended/index.ts,serveAuthenticated,"org (authenticated user)",yes,no,yes,""
approve-org-verification,supabase/functions/approve-org-verification/index.ts,serveAuthenticated,"org (authenticated user)",yes,no,yes,""
booking-ai-review,supabase/functions/booking-ai-review/index.ts,serveAuthenticated,"org (authenticated user)",yes,no,no,""
calendar-sync-cron,supabase/functions/calendar-sync-cron/index.ts,RAW serve(),"UNKNOWN (raw serve)",yes,no,yes,"raw-serve-not-audited-by-doc18-allowlist-here"
calendar-sync-settings,supabase/functions/calendar-sync-settings/index.ts,serveAuthenticated,"org (authenticated user)",yes,no,yes,""
cancel-booking,supabase/functions/cancel-booking/index.ts,serveAuthenticated,"org (authenticated user)",yes,no,yes,""
cancel-parking-booking,supabase/functions/cancel-parking-booking/index.ts,serveAuthenticated,"org (authenticated user)",yes,no,no,""
check-organization-name,supabase/functions/check-organization-name/index.ts,serveAuthenticated,"org (authenticated user)",no,no,yes,""
check-property-name,supabase/functions/check-property-name/index.ts,serveAuthenticated,"org (authenticated user)",no,no,yes,""
check-tower-unit,supabase/functions/check-tower-unit/index.ts,serveAuthenticated,"org (authenticated user)",no,no,yes,""
claim-parking-booking,supabase/functions/claim-parking-booking/index.ts,serveAuthenticated,"org (authenticated user)",yes,no,no,""
claim-sd-voucher,supabase/functions/claim-sd-voucher/index.ts,servePublic,"guest-anon",yes,no,yes,""
contract-expiry-cron,supabase/functions/contract-expiry-cron/index.ts,serveCronPost,"cron (secret-gated)",no,no,no,""
copy-property-settings,supabase/functions/copy-property-settings/index.ts,serveAuthenticated,"org (authenticated user)",yes,no,yes,""
create-development,supabase/functions/create-development/index.ts,serveAuthenticated,"org (authenticated user)",yes,no,yes,""
create-help-center-faq,supabase/functions/create-help-center-faq/index.ts,serveSuperAdmin,"super-admin",no,no,yes,"MISSING-resource-scope-check"
create-host-playbook-article,supabase/functions/create-host-playbook-article/index.ts,serveSuperAdmin,"super-admin",no,no,yes,"MISSING-resource-scope-check"
create-org-subscription-checkout,supabase/functions/create-org-subscription-checkout/index.ts,serveAuthenticated,"org (authenticated user)",yes,no,no,""
create-organization,supabase/functions/create-organization/index.ts,serveAuthenticated,"org (authenticated user)",no,no,yes,""
create-parking,supabase/functions/create-parking/index.ts,serveAuthenticated,"org (authenticated user)",yes,no,yes,""
create-parking-booking,supabase/functions/create-parking-booking/index.ts,serveAuthenticated,"org (authenticated user)",yes,no,no,""
create-parking-payment-checkout,supabase/functions/create-parking-payment-checkout/index.ts,serveAuthenticated,"org (authenticated user)",yes,no,no,""
create-property,supabase/functions/create-property/index.ts,serveAuthenticated,"org (authenticated user)",yes,no,yes,""
custom-pages-settings,supabase/functions/custom-pages-settings/index.ts,serveAuthenticated,"org (authenticated user)",yes,yes,no,""
dashboard-assistant-chat,supabase/functions/dashboard-assistant-chat/index.ts,serveAuthenticated,"org (authenticated user)",yes,no,yes,""
dashboard-assistant-confirm,supabase/functions/dashboard-assistant-confirm/index.ts,serveAuthenticated,"org (authenticated user)",yes,no,yes,""
dashboard-assistant-conversations,supabase/functions/dashboard-assistant-conversations/index.ts,serveAuthenticated,"org (authenticated user)",yes,no,yes,""
dashboard-assistant-expire-pending-actions,supabase/functions/dashboard-assistant-expire-pending-actions/index.ts,serveCronPost,"cron (secret-gated)",no,no,no,""
dashboard-assistant-global-settings,supabase/functions/dashboard-assistant-global-settings/index.ts,serveSuperAdmin,"super-admin",yes,no,no,""
dashboard-assistant-settings,supabase/functions/dashboard-assistant-settings/index.ts,serveAuthenticated,"org (authenticated user)",yes,no,no,""
dashboard-stats,supabase/functions/dashboard-stats/index.ts,serveAuthenticated,"org (authenticated user)",yes,no,no,""
decide-contract-consideration,supabase/functions/decide-contract-consideration/index.ts,serveSuperAdmin,"super-admin",yes,no,yes,""
decline-parking-booking,supabase/functions/decline-parking-booking/index.ts,serveAuthenticated,"org (authenticated user)",yes,no,no,""
delete-development,supabase/functions/delete-development/index.ts,serveAuthenticated,"org (authenticated user)",yes,no,yes,""
delete-help-center-faq,supabase/functions/delete-help-center-faq/index.ts,serveSuperAdmin,"super-admin",no,no,yes,"MISSING-resource-scope-check"
delete-host-playbook-article,supabase/functions/delete-host-playbook-article/index.ts,serveSuperAdmin,"super-admin",no,no,yes,"MISSING-resource-scope-check"
delete-organization,supabase/functions/delete-organization/index.ts,serveAuthenticated,"org (authenticated user)",yes,no,yes,""
delete-parking,supabase/functions/delete-parking/index.ts,serveAuthenticated,"org (authenticated user)",yes,no,yes,""
delete-property,supabase/functions/delete-property/index.ts,serveAuthenticated,"org (authenticated user)",yes,no,yes,""
expire-parking-broadcasts,supabase/functions/expire-parking-broadcasts/index.ts,serveCronPost,"cron (secret-gated)",no,no,no,""
finance-bookings,supabase/functions/finance-bookings/index.ts,serveAuthenticated,"org (authenticated user)",yes,no,no,""
finance-export,supabase/functions/finance-export/index.ts,serveAuthenticated,"org (authenticated user)",yes,no,no,""
finance-line-items,supabase/functions/finance-line-items/index.ts,serveAuthenticated,"org (authenticated user)",yes,no,no,""
finance-summary,supabase/functions/finance-summary/index.ts,serveAuthenticated,"org (authenticated user)",yes,no,no,""
generate-marketing-caption,supabase/functions/generate-marketing-caption/index.ts,serveAuthenticated,"org (authenticated user)",yes,no,yes,""
generate-marketing-media,supabase/functions/generate-marketing-media/index.ts,serveAuthenticated,"org (authenticated user)",yes,no,yes,""
generate-marketing-template,supabase/functions/generate-marketing-template/index.ts,serveAuthenticated,"org (authenticated user)",yes,no,yes,""
get-booked-dates,supabase/functions/get-booked-dates/index.ts,servePublic,"guest-anon",yes,no,no,""
get-booking,supabase/functions/get-booking/index.ts,serveAuthenticated,"org (authenticated user)",yes,no,yes,""
get-booking-ai-assistant-audit,supabase/functions/get-booking-ai-assistant-audit/index.ts,serveAuthenticated,"org (authenticated user)",yes,no,yes,""
get-booking-ai-review,supabase/functions/get-booking-ai-review/index.ts,serveAuthenticated,"org (authenticated user)",yes,no,no,""
get-booking-asset-url,supabase/functions/get-booking-asset-url/index.ts,serveAuthenticated,"org (authenticated user)",yes,no,no,""
get-development,supabase/functions/get-development/index.ts,serveAuthenticated,"org (authenticated user)",yes,no,yes,""
get-external-review-assets,supabase/functions/get-external-review-assets/index.ts,serveAuthenticated,"org (authenticated user)",yes,no,yes,""
get-form,supabase/functions/get-form/index.ts,servePublic,"guest-anon",yes,no,no,""
get-form-completion,supabase/functions/get-form-completion/index.ts,servePublic,"guest-anon",no,no,no,""
get-guest-booking-document,supabase/functions/get-guest-booking-document/index.ts,servePublic,"guest-anon",no,no,no,""
get-guest-payment-info,supabase/functions/get-guest-payment-info/index.ts,servePublic,"guest-anon",yes,no,no,""
get-guest-review,supabase/functions/get-guest-review/index.ts,servePublic,"guest-anon",yes,yes,no,""
get-guest-stay-guide,supabase/functions/get-guest-stay-guide/index.ts,servePublic,"guest-anon",no,no,no,""
get-host,supabase/functions/get-host/index.ts,serveAuthenticated,"org (authenticated user)",yes,no,yes,""
get-host-reward-offer,supabase/functions/get-host-reward-offer/index.ts,serveAuthenticated,"org (authenticated user)",yes,no,no,""
get-linked-parking-booking,supabase/functions/get-linked-parking-booking/index.ts,serveAuthenticated,"org (authenticated user)",yes,no,yes,""
get-listing-authorization-assets,supabase/functions/get-listing-authorization-assets/index.ts,serveAuthenticated,"org (authenticated user)",yes,no,yes,""
get-marketing-generation-job,supabase/functions/get-marketing-generation-job/index.ts,serveAuthenticated,"org (authenticated user)",yes,no,yes,""
get-org-superhost-progress,supabase/functions/get-org-superhost-progress/index.ts,serveAuthenticated,"org (authenticated user)",yes,no,yes,""
get-org-verification-assets,supabase/functions/get-org-verification-assets/index.ts,serveAuthenticated,"org (authenticated user)",yes,no,yes,""
get-organization-admin,supabase/functions/get-organization-admin/index.ts,serveSuperAdmin,"super-admin",no,no,yes,"MISSING-resource-scope-check"
get-parking-booking-status,supabase/functions/get-parking-booking-status/index.ts,servePublic,"guest-anon",no,no,yes,"MISSING-resource-scope-check"
get-parking-broadcast-status,supabase/functions/get-parking-broadcast-status/index.ts,serveAuthenticated,"org (authenticated user)",yes,no,yes,""
get-pay-parking,supabase/functions/get-pay-parking/index.ts,servePublic,"guest-anon",no,no,yes,"MISSING-resource-scope-check"
get-platform-host-settings,supabase/functions/get-platform-host-settings/index.ts,serveSuperAdmin,"super-admin",no,no,yes,"MISSING-resource-scope-check"
get-public-host,supabase/functions/get-public-host/index.ts,servePublic,"guest-anon",no,no,no,""
get-public-parking,supabase/functions/get-public-parking/index.ts,servePublic,"guest-anon",no,no,no,""
get-public-platform-status,supabase/functions/get-public-platform-status/index.ts,servePublic,"guest-anon",no,no,no,""
get-public-property,supabase/functions/get-public-property/index.ts,servePublic,"guest-anon",no,no,no,""
get-public-showcase,supabase/functions/get-public-showcase/index.ts,servePublic,"guest-anon",no,no,no,""
get-residence-unit-types,supabase/functions/get-residence-unit-types/index.ts,servePublic,"guest-anon",no,no,yes,""
get-sd-form,supabase/functions/get-sd-form/index.ts,servePublic,"guest-anon",yes,no,no,""
get-support-ticket,supabase/functions/get-support-ticket/index.ts,serveAuthenticated,"org (authenticated user)",yes,no,yes,""
get-support-ticket-admin,supabase/functions/get-support-ticket-admin/index.ts,serveSuperAdmin,"super-admin",no,no,yes,"MISSING-resource-scope-check"
get-team-invite-preview,supabase/functions/get-team-invite-preview/index.ts,servePublic,"guest-anon",no,no,no,""
guest-messages,supabase/functions/guest-messages/index.ts,serveAuthenticated,"org (authenticated user)",yes,no,no,""
guest-profile,supabase/functions/guest-profile/index.ts,serveAuthenticated,"org (authenticated user)",yes,no,no,""
guest-trips,supabase/functions/guest-trips/index.ts,serveAuthenticated,"org (authenticated user)",yes,no,no,""
guest-web-chat-messages,supabase/functions/guest-web-chat-messages/index.ts,serveAuthenticated,"org (authenticated user)",yes,no,no,""
guest-web-chat-resume,supabase/functions/guest-web-chat-resume/index.ts,serveAuthenticated,"org (authenticated user)",yes,no,no,""
guest-web-chat-start,supabase/functions/guest-web-chat-start/index.ts,serveAuthenticated,"org (authenticated user)",yes,no,no,""
ical-export,supabase/functions/ical-export/index.ts,RAW serve(),"UNKNOWN (raw serve)",no,no,yes,"raw-serve-not-audited-by-doc18-allowlist-here; MISSING-resource-scope-check"
import-ai-map-columns,supabase/functions/import-ai-map-columns/index.ts,serveAuthenticated,"org (authenticated user)",yes,no,yes,""
import-cancel,supabase/functions/import-cancel/index.ts,serveAuthenticated,"org (authenticated user)",yes,no,yes,""
import-commit,supabase/functions/import-commit/index.ts,serveAuthenticated,"org (authenticated user)",yes,no,yes,""
import-list-batches,supabase/functions/import-list-batches/index.ts,serveAuthenticated,"org (authenticated user)",yes,no,yes,""
import-parse-file,supabase/functions/import-parse-file/index.ts,serveAuthenticated,"org (authenticated user)",yes,no,yes,""
import-preview,supabase/functions/import-preview/index.ts,serveAuthenticated,"org (authenticated user)",yes,no,yes,""
import-revert,supabase/functions/import-revert/index.ts,serveAuthenticated,"org (authenticated user)",yes,no,yes,""
import-save-mapping,supabase/functions/import-save-mapping/index.ts,serveAuthenticated,"org (authenticated user)",yes,no,yes,""
import-update-row,supabase/functions/import-update-row/index.ts,serveAuthenticated,"org (authenticated user)",yes,no,yes,""
issue-booking-document-share-token,supabase/functions/issue-booking-document-share-token/index.ts,serveAuthenticated,"org (authenticated user)",yes,no,no,""
issue-guest-form-completion-token,supabase/functions/issue-guest-form-completion-token/index.ts,serveAuthenticated,"org (authenticated user)",yes,no,no,""
issue-guest-stay-guide-token,supabase/functions/issue-guest-stay-guide-token/index.ts,serveAuthenticated,"org (authenticated user)",yes,no,no,""
list-activity-log,supabase/functions/list-activity-log/index.ts,serveAuthenticated,"org (authenticated user)",yes,no,yes,""
list-bookings,supabase/functions/list-bookings/index.ts,serveAuthenticated,"org (authenticated user)",yes,no,no,""
list-developments,supabase/functions/list-developments/index.ts,serveAuthenticated,"org (authenticated user)",yes,no,yes,""
list-guest-vouchers,supabase/functions/list-guest-vouchers/index.ts,serveAuthenticated,"org (authenticated user)",yes,no,no,""
list-help-center-articles,supabase/functions/list-help-center-articles/index.ts,serveAuthenticated,"org (authenticated user)",no,no,yes,""
list-help-center-faqs,supabase/functions/list-help-center-faqs/index.ts,serveAuthenticated,"org (authenticated user)",no,no,yes,""
list-help-center-faqs-admin,supabase/functions/list-help-center-faqs-admin/index.ts,serveSuperAdmin,"super-admin",no,no,yes,"MISSING-resource-scope-check"
list-host-announcements,supabase/functions/list-host-announcements/index.ts,serveAuthenticated,"org (authenticated user)",yes,yes,yes,""
list-host-organizations,supabase/functions/list-host-organizations/index.ts,serveAuthenticated,"org (authenticated user)",yes,no,yes,""
list-host-playbook-articles-admin,supabase/functions/list-host-playbook-articles-admin/index.ts,serveSuperAdmin,"super-admin",no,no,yes,"MISSING-resource-scope-check"
list-host-properties,supabase/functions/list-host-properties/index.ts,serveAuthenticated,"org (authenticated user)",yes,no,yes,""
list-hosts,supabase/functions/list-hosts/index.ts,serveAuthenticated,"org (authenticated user)",yes,no,yes,""
list-linkable-property-bookings,supabase/functions/list-linkable-property-bookings/index.ts,serveAuthenticated,"org (authenticated user)",yes,no,no,""
list-org-listing-verifications,supabase/functions/list-org-listing-verifications/index.ts,serveAuthenticated,"org (authenticated user)",yes,no,yes,""
list-org-verifications,supabase/functions/list-org-verifications/index.ts,serveAuthenticated,"org (authenticated user)",yes,no,no,""
list-organizations,supabase/functions/list-organizations/index.ts,serveAuthenticated,"org (authenticated user)",no,yes,yes,"MISSING-resource-scope-check"
list-organizations-admin,supabase/functions/list-organizations-admin/index.ts,serveSuperAdmin,"super-admin",no,no,yes,"MISSING-resource-scope-check"
list-parkings,supabase/functions/list-parkings/index.ts,serveAuthenticated,"org (authenticated user)",yes,no,yes,""
list-platform-properties,supabase/functions/list-platform-properties/index.ts,serveAuthenticated,"org (authenticated user)",yes,no,yes,""
list-properties,supabase/functions/list-properties/index.ts,serveAuthenticated,"org (authenticated user)",yes,no,yes,""
list-property-guest-reviews,supabase/functions/list-property-guest-reviews/index.ts,serveAuthenticated,"org (authenticated user)",yes,no,no,""
list-public-developments,supabase/functions/list-public-developments/index.ts,servePublic,"guest-anon",no,no,yes,"MISSING-resource-scope-check"
list-public-parkings,supabase/functions/list-public-parkings/index.ts,servePublic,"guest-anon",no,no,yes,"MISSING-resource-scope-check"
list-public-place-groups,supabase/functions/list-public-place-groups/index.ts,servePublic,"guest-anon",no,no,yes,"MISSING-resource-scope-check"
list-public-pricing-plans,supabase/functions/list-public-pricing-plans/index.ts,servePublic,"guest-anon",no,no,yes,""
list-public-properties,supabase/functions/list-public-properties/index.ts,servePublic,"guest-anon",no,no,yes,"MISSING-resource-scope-check"
list-super-admin-approvals,supabase/functions/list-super-admin-approvals/index.ts,serveAuthenticated,"org (authenticated user)",yes,no,no,""
list-super-admin-audit,supabase/functions/list-super-admin-audit/index.ts,serveSuperAdmin,"super-admin",no,no,yes,"MISSING-resource-scope-check"
list-support-tickets,supabase/functions/list-support-tickets/index.ts,serveAuthenticated,"org (authenticated user)",yes,no,yes,""
list-support-tickets-admin,supabase/functions/list-support-tickets-admin/index.ts,serveSuperAdmin,"super-admin",no,no,yes,"MISSING-resource-scope-check"
maintenance-items,supabase/functions/maintenance-items/index.ts,serveAuthenticated,"org (authenticated user)",yes,no,no,""
maintenance-summary,supabase/functions/maintenance-summary/index.ts,serveAuthenticated,"org (authenticated user)",yes,no,no,""
marketing-generation-sweeper,supabase/functions/marketing-generation-sweeper/index.ts,serveCronPost,"cron (secret-gated)",no,no,no,""
marketing-generations,supabase/functions/marketing-generations/index.ts,serveAuthenticated,"org (authenticated user)",yes,no,yes,""
marketing-music,supabase/functions/marketing-music/index.ts,serveAuthenticated,"org (authenticated user)",yes,no,yes,""
marketing-templates,supabase/functions/marketing-templates/index.ts,serveAuthenticated,"org (authenticated user)",yes,yes,yes,""
meta-inbox-backfill,supabase/functions/meta-inbox-backfill/index.ts,RAW serve(),"UNKNOWN (raw serve)",yes,no,yes,"raw-serve-not-audited-by-doc18-allowlist-here"
meta-inbox-disconnect,supabase/functions/meta-inbox-disconnect/index.ts,serveAuthenticated,"org (authenticated user)",yes,no,no,""
meta-inbox-oauth-callback,supabase/functions/meta-inbox-oauth-callback/index.ts,RAW serve(),"UNKNOWN (raw serve)",no,no,yes,"raw-serve-not-audited-by-doc18-allowlist-here; MISSING-resource-scope-check"
meta-inbox-oauth-complete,supabase/functions/meta-inbox-oauth-complete/index.ts,serveAuthenticated,"org (authenticated user)",yes,no,yes,""
meta-inbox-oauth-pages,supabase/functions/meta-inbox-oauth-pages/index.ts,serveAuthenticated,"org (authenticated user)",yes,no,yes,""
meta-inbox-oauth-start,supabase/functions/meta-inbox-oauth-start/index.ts,serveAuthenticated,"org (authenticated user)",yes,no,yes,""
meta-inbox-resubscribe,supabase/functions/meta-inbox-resubscribe/index.ts,serveAuthenticated,"org (authenticated user)",yes,no,no,""
meta-inbox-status,supabase/functions/meta-inbox-status/index.ts,serveAuthenticated,"org (authenticated user)",yes,no,no,""
meta-inbox-webhook,supabase/functions/meta-inbox-webhook/index.ts,RAW serve(),"UNKNOWN (raw serve)",no,no,no,"raw-serve-not-audited-by-doc18-allowlist-here; MISSING-resource-scope-check"
meta-inbox-webhook-healthcheck,supabase/functions/meta-inbox-webhook-healthcheck/index.ts,serveCronPost,"cron (secret-gated)",no,no,no,""
moderate-external-review,supabase/functions/moderate-external-review/index.ts,serveAuthenticated,"org (authenticated user)",yes,no,yes,""
notifications-list,supabase/functions/notifications-list/index.ts,serveAuthenticated,"org (authenticated user)",yes,no,yes,""
notifications-mark-read,supabase/functions/notifications-mark-read/index.ts,serveAuthenticated,"org (authenticated user)",yes,no,yes,""
org-access,supabase/functions/org-access/index.ts,serveAuthenticated,"org (authenticated user)",yes,yes,no,""
org-plan,supabase/functions/org-plan/index.ts,serveAuthenticated,"org (authenticated user)",yes,no,yes,""
org-settings,supabase/functions/org-settings/index.ts,serveAdmin,"legacy-admin",yes,no,no,""
org-subscriptions-admin,supabase/functions/org-subscriptions-admin/index.ts,serveSuperAdmin,"super-admin",yes,no,yes,""
org-team-custom-roles,supabase/functions/org-team-custom-roles/index.ts,serveAuthenticated,"org (authenticated user)",yes,yes,no,""
org-team-invitations,supabase/functions/org-team-invitations/index.ts,serveAuthenticated,"org (authenticated user)",yes,no,no,""
org-team-members,supabase/functions/org-team-members/index.ts,serveAuthenticated,"org (authenticated user)",yes,no,no,""
parking-access,supabase/functions/parking-access/index.ts,serveAuthenticated,"org (authenticated user)",yes,no,no,""
parking-broadcast-email,supabase/functions/parking-broadcast-email/index.ts,RAW serve(),"UNKNOWN (raw serve)",no,no,no,"raw-serve-not-audited-by-doc18-allowlist-here; MISSING-resource-scope-check"
parking-payouts,supabase/functions/parking-payouts/index.ts,serveSuperAdmin,"super-admin",yes,no,yes,""
parking-pricing,supabase/functions/parking-pricing/index.ts,serveAuthenticated,"org (authenticated user)",yes,no,no,""
parking-settings,supabase/functions/parking-settings/index.ts,serveAuthenticated,"org (authenticated user)",yes,no,yes,""
parking-team-custom-roles,supabase/functions/parking-team-custom-roles/index.ts,serveAuthenticated,"org (authenticated user)",yes,yes,no,""
parking-team-invitations,supabase/functions/parking-team-invitations/index.ts,serveAuthenticated,"org (authenticated user)",yes,yes,no,""
parking-team-members,supabase/functions/parking-team-members/index.ts,serveAuthenticated,"org (authenticated user)",yes,yes,no,""
paymongo-webhook,supabase/functions/paymongo-webhook/index.ts,servePublic,"guest-anon",no,no,yes,""
platform-billing-cron,supabase/functions/platform-billing-cron/index.ts,serveCronPost,"cron (secret-gated)",no,no,no,""
platform-parking-settings,supabase/functions/platform-parking-settings/index.ts,serveSuperAdmin,"super-admin",yes,no,yes,""
platform-payment-settings,supabase/functions/platform-payment-settings/index.ts,serveSuperAdmin,"super-admin",yes,no,yes,""
platform-settings,supabase/functions/platform-settings/index.ts,serveSuperAdmin,"super-admin",yes,no,yes,""
preview-guest-stay-guide,supabase/functions/preview-guest-stay-guide/index.ts,serveAuthenticated,"org (authenticated user)",yes,no,no,""
pricing-plans,supabase/functions/pricing-plans/index.ts,serveSuperAdmin,"super-admin",yes,no,yes,""
property-access,supabase/functions/property-access/index.ts,serveAuthenticated,"org (authenticated user)",yes,no,no,""
property-entitlements,supabase/functions/property-entitlements/index.ts,serveAuthenticated,"org (authenticated user)",yes,no,no,""
property-page-view,supabase/functions/property-page-view/index.ts,servePublic,"guest-anon",no,no,yes,"MISSING-resource-scope-check"
property-page-views-prune-cron,supabase/functions/property-page-views-prune-cron/index.ts,serveCronPost,"cron (secret-gated)",no,no,yes,""
property-pricing,supabase/functions/property-pricing/index.ts,serveAuthenticated,"org (authenticated user)",yes,yes,no,""
property-team-custom-roles,supabase/functions/property-team-custom-roles/index.ts,serveAuthenticated,"org (authenticated user)",yes,yes,no,""
property-team-invitations,supabase/functions/property-team-invitations/index.ts,serveAuthenticated,"org (authenticated user)",yes,yes,no,""
property-team-members,supabase/functions/property-team-members/index.ts,serveAuthenticated,"org (authenticated user)",yes,yes,no,""
property-templates-preview,supabase/functions/property-templates-preview/index.ts,serveAuthenticated,"org (authenticated user)",yes,no,no,""
property-templates-settings,supabase/functions/property-templates-settings/index.ts,serveAuthenticated,"org (authenticated user)",yes,yes,no,""
public-page-configs,supabase/functions/public-page-configs/index.ts,serveAuthenticated,"org (authenticated user)",yes,yes,no,""
publish-to-meta,supabase/functions/publish-to-meta/index.ts,serveAuthenticated,"org (authenticated user)",yes,no,yes,""
push-fanout,supabase/functions/push-fanout/index.ts,servePublic,"guest-anon",no,no,yes,""
push-subscribe,supabase/functions/push-subscribe/index.ts,serveAuthenticated,"org (authenticated user)",no,no,yes,""
push-unsubscribe,supabase/functions/push-unsubscribe/index.ts,serveAuthenticated,"org (authenticated user)",no,no,yes,""
query-cache-sweep-cron,supabase/functions/query-cache-sweep-cron/index.ts,serveCronPost,"cron (secret-gated)",no,no,no,""
reassess-org-superhost,supabase/functions/reassess-org-superhost/index.ts,serveAuthenticated,"org (authenticated user)",yes,no,yes,""
reject-listing-authorization,supabase/functions/reject-listing-authorization/index.ts,serveAuthenticated,"org (authenticated user)",yes,no,yes,""
reject-org-verification,supabase/functions/reject-org-verification/index.ts,serveAuthenticated,"org (authenticated user)",yes,no,yes,""
reopen-support-ticket,supabase/functions/reopen-support-ticket/index.ts,serveAuthenticated,"org (authenticated user)",yes,no,yes,""
reply-support-ticket,supabase/functions/reply-support-ticket/index.ts,serveAuthenticated,"org (authenticated user)",yes,no,yes,""
reply-support-ticket-admin,supabase/functions/reply-support-ticket-admin/index.ts,serveSuperAdmin,"super-admin",no,no,yes,"MISSING-resource-scope-check"
request-parking-endorsement,supabase/functions/request-parking-endorsement/index.ts,serveAuthenticated,"org (authenticated user)",yes,no,no,""
resolve-owner-default-parking,supabase/functions/resolve-owner-default-parking/index.ts,serveAuthenticated,"org (authenticated user)",yes,no,yes,""
sd-refund-cron,supabase/functions/sd-refund-cron/index.ts,RAW serve(),"UNKNOWN (raw serve)",yes,no,no,"raw-serve-not-audited-by-doc18-allowlist-here"
search-listings,supabase/functions/search-listings/index.ts,servePublic,"guest-anon",no,no,yes,"MISSING-resource-scope-check"
search-suggestions,supabase/functions/search-suggestions/index.ts,servePublic,"guest-anon",no,no,yes,"MISSING-resource-scope-check"
send-booking-workflow-email,supabase/functions/send-booking-workflow-email/index.ts,serveAuthenticated,"org (authenticated user)",yes,no,no,""
send-parking-reminders,supabase/functions/send-parking-reminders/index.ts,serveCronPost,"cron (secret-gated)",no,no,no,""
send-sd-refund-form-email,supabase/functions/send-sd-refund-form-email/index.ts,serveAuthenticated,"org (authenticated user)",yes,no,no,""
settings-verification,supabase/functions/settings-verification/index.ts,serveAuthenticated,"org (authenticated user)",yes,no,yes,""
setup-guide-state,supabase/functions/setup-guide-state/index.ts,serveAuthenticated,"org (authenticated user)",yes,no,yes,""
smart-pricing-apply,supabase/functions/smart-pricing-apply/index.ts,serveAuthenticated,"org (authenticated user)",yes,no,no,""
smart-pricing-cron,supabase/functions/smart-pricing-cron/index.ts,serveCronPost,"cron (secret-gated)",no,no,yes,""
smart-pricing-preview,supabase/functions/smart-pricing-preview/index.ts,serveAuthenticated,"org (authenticated user)",yes,no,no,""
smart-pricing-settings,supabase/functions/smart-pricing-settings/index.ts,serveAuthenticated,"org (authenticated user)",yes,no,no,""
social-inbox-ai-suggest,supabase/functions/social-inbox-ai-suggest/index.ts,serveAuthenticated,"org (authenticated user)",yes,no,yes,""
social-inbox-messages,supabase/functions/social-inbox-messages/index.ts,serveAuthenticated,"org (authenticated user)",yes,no,no,""
social-inbox-send,supabase/functions/social-inbox-send/index.ts,serveAuthenticated,"org (authenticated user)",yes,no,yes,""
social-inbox-settings,supabase/functions/social-inbox-settings/index.ts,serveAuthenticated,"org (authenticated user)",yes,no,no,""
social-inbox-templates,supabase/functions/social-inbox-templates/index.ts,serveAuthenticated,"org (authenticated user)",yes,no,yes,""
social-inbox-threads,supabase/functions/social-inbox-threads/index.ts,serveAuthenticated,"org (authenticated user)",yes,no,no,""
submit-contract-consideration,supabase/functions/submit-contract-consideration/index.ts,serveAuthenticated,"org (authenticated user)",yes,no,yes,""
submit-form,supabase/functions/submit-form/index.ts,RAW serve(),"UNKNOWN (raw serve)",yes,no,yes,"raw-serve-not-audited-by-doc18-allowlist-here"
submit-form-completion,supabase/functions/submit-form-completion/index.ts,RAW serve(),"UNKNOWN (raw serve)",yes,no,no,"raw-serve-not-audited-by-doc18-allowlist-here"
submit-guest-review,supabase/functions/submit-guest-review/index.ts,servePublic,"guest-anon",yes,yes,no,""
submit-listing-authorization,supabase/functions/submit-listing-authorization/index.ts,serveAuthenticated,"org (authenticated user)",yes,no,yes,""
submit-listing-recommended,supabase/functions/submit-listing-recommended/index.ts,serveAuthenticated,"org (authenticated user)",yes,no,yes,""
submit-org-verification,supabase/functions/submit-org-verification/index.ts,serveAuthenticated,"org (authenticated user)",yes,no,yes,""
submit-parking-booking-request,supabase/functions/submit-parking-booking-request/index.ts,serveAuthenticated,"org (authenticated user)",yes,no,yes,""
submit-pay-parking,supabase/functions/submit-pay-parking/index.ts,RAW serve(),"UNKNOWN (raw serve)",no,no,no,"raw-serve-not-audited-by-doc18-allowlist-here; MISSING-resource-scope-check"
submit-sd-form,supabase/functions/submit-sd-form/index.ts,RAW serve(),"UNKNOWN (raw serve)",yes,no,no,"raw-serve-not-audited-by-doc18-allowlist-here"
submit-support-ticket,supabase/functions/submit-support-ticket/index.ts,serveAuthenticated,"org (authenticated user)",yes,no,no,""
super-admin-ai-usage,supabase/functions/super-admin-ai-usage/index.ts,serveSuperAdmin,"super-admin",no,no,yes,"MISSING-resource-scope-check"
super-admin-overview,supabase/functions/super-admin-overview/index.ts,serveSuperAdmin,"super-admin",no,no,yes,"MISSING-resource-scope-check"
super-admin-search,supabase/functions/super-admin-search/index.ts,serveSuperAdmin,"super-admin",no,no,yes,"MISSING-resource-scope-check"
super-admin-verification,supabase/functions/super-admin-verification/index.ts,serveSuperAdmin,"super-admin",no,no,yes,"MISSING-resource-scope-check"
superhost-assessment-cron,supabase/functions/superhost-assessment-cron/index.ts,RAW serve(),"UNKNOWN (raw serve)",yes,no,yes,"raw-serve-not-audited-by-doc18-allowlist-here"
telegram-admin-cron,supabase/functions/telegram-admin-cron/index.ts,serveCronPost,"cron (secret-gated)",no,no,no,""
telegram-admin-settings,supabase/functions/telegram-admin-settings/index.ts,serveAuthenticated,"org (authenticated user)",yes,no,no,""
telegram-chat-settings,supabase/functions/telegram-chat-settings/index.ts,serveAuthenticated,"org (authenticated user)",yes,no,no,""
telegram-finance-cron,supabase/functions/telegram-finance-cron/index.ts,serveCronPost,"cron (secret-gated)",no,no,no,""
telegram-finance-settings,supabase/functions/telegram-finance-settings/index.ts,serveAuthenticated,"org (authenticated user)",yes,no,no,""
telegram-global-settings,supabase/functions/telegram-global-settings/index.ts,serveAuthenticated,"org (authenticated user)",yes,no,no,""
telegram-maintenance-cron,supabase/functions/telegram-maintenance-cron/index.ts,serveCronPost,"cron (secret-gated)",no,no,no,""
telegram-maintenance-settings,supabase/functions/telegram-maintenance-settings/index.ts,serveAuthenticated,"org (authenticated user)",yes,no,no,""
telegram-marketing-cron,supabase/functions/telegram-marketing-cron/index.ts,serveCronPost,"cron (secret-gated)",no,no,no,""
telegram-marketing-settings,supabase/functions/telegram-marketing-settings/index.ts,serveAuthenticated,"org (authenticated user)",yes,no,no,""
telegram-parking-settings,supabase/functions/telegram-parking-settings/index.ts,serveAuthenticated,"org (authenticated user)",yes,no,no,""
telegram-staff-cron,supabase/functions/telegram-staff-cron/index.ts,serveCronPost,"cron (secret-gated)",no,no,no,""
telegram-staff-settings,supabase/functions/telegram-staff-settings/index.ts,serveAuthenticated,"org (authenticated user)",yes,no,no,""
transition-booking,supabase/functions/transition-booking/index.ts,serveAuthenticated,"org (authenticated user)",yes,no,no,""
transition-parking-booking,supabase/functions/transition-parking-booking/index.ts,serveAuthenticated,"org (authenticated user)",yes,no,no,""
update-booking-details,supabase/functions/update-booking-details/index.ts,serveAuthenticated,"org (authenticated user)",yes,no,yes,""
update-development,supabase/functions/update-development/index.ts,serveAuthenticated,"org (authenticated user)",yes,no,yes,""
update-help-center-faq,supabase/functions/update-help-center-faq/index.ts,serveSuperAdmin,"super-admin",no,no,yes,"MISSING-resource-scope-check"
update-host-playbook-article,supabase/functions/update-host-playbook-article/index.ts,serveSuperAdmin,"super-admin",no,no,yes,"MISSING-resource-scope-check"
update-organization,supabase/functions/update-organization/index.ts,serveAuthenticated,"org (authenticated user)",yes,no,no,""
update-parking,supabase/functions/update-parking/index.ts,serveAuthenticated,"org (authenticated user)",yes,no,yes,""
update-platform-host-settings,supabase/functions/update-platform-host-settings/index.ts,serveSuperAdmin,"super-admin",yes,no,yes,""
update-property,supabase/functions/update-property/index.ts,serveAuthenticated,"org (authenticated user)",yes,yes,yes,""
update-support-ticket-status,supabase/functions/update-support-ticket-status/index.ts,serveSuperAdmin,"super-admin",no,no,yes,"MISSING-resource-scope-check"
upload-app-settings-asset,supabase/functions/upload-app-settings-asset/index.ts,RAW serve(),"UNKNOWN (raw serve)",yes,no,no,"raw-serve-not-audited-by-doc18-allowlist-here"
upload-booking-asset,supabase/functions/upload-booking-asset/index.ts,serveAuthenticated,"org (authenticated user)",yes,no,no,""
upload-development-media,supabase/functions/upload-development-media/index.ts,RAW serve(),"UNKNOWN (raw serve)",yes,no,yes,"raw-serve-not-audited-by-doc18-allowlist-here"
upload-guest-chat-asset,supabase/functions/upload-guest-chat-asset/index.ts,serveAuthenticated,"org (authenticated user)",yes,no,no,""
upload-guest-profile-asset,supabase/functions/upload-guest-profile-asset/index.ts,serveAuthenticated,"org (authenticated user)",yes,no,no,""
upload-inbox-chat-asset,supabase/functions/upload-inbox-chat-asset/index.ts,serveAuthenticated,"org (authenticated user)",yes,no,no,""
upload-listing-authorization-asset,supabase/functions/upload-listing-authorization-asset/index.ts,serveAuthenticated,"org (authenticated user)",yes,no,no,""
upload-marketing-asset,supabase/functions/upload-marketing-asset/index.ts,serveAuthenticated,"org (authenticated user)",yes,no,yes,""
upload-marketing-generation-reference,supabase/functions/upload-marketing-generation-reference/index.ts,serveAuthenticated,"org (authenticated user)",yes,no,yes,""
upload-org-settings-asset,supabase/functions/upload-org-settings-asset/index.ts,RAW serve(),"UNKNOWN (raw serve)",yes,no,no,"raw-serve-not-audited-by-doc18-allowlist-here"
upload-org-verification-asset,supabase/functions/upload-org-verification-asset/index.ts,serveAuthenticated,"org (authenticated user)",yes,no,yes,""
upload-parking-media,supabase/functions/upload-parking-media/index.ts,RAW serve(),"UNKNOWN (raw serve)",yes,no,yes,"raw-serve-not-audited-by-doc18-allowlist-here"
upload-parking-settings-asset,supabase/functions/upload-parking-settings-asset/index.ts,RAW serve(),"UNKNOWN (raw serve)",yes,no,no,"raw-serve-not-audited-by-doc18-allowlist-here"
upload-property-media,supabase/functions/upload-property-media/index.ts,RAW serve(),"UNKNOWN (raw serve)",yes,no,no,"raw-serve-not-audited-by-doc18-allowlist-here"
upload-property-template-asset,supabase/functions/upload-property-template-asset/index.ts,RAW serve(),"UNKNOWN (raw serve)",yes,no,no,"raw-serve-not-audited-by-doc18-allowlist-here"
upload-support-ticket-attachment,supabase/functions/upload-support-ticket-attachment/index.ts,serveAuthenticated,"org (authenticated user)",yes,no,no,""
validate-booking-receipts,supabase/functions/validate-booking-receipts/index.ts,serveAuthenticated,"org (authenticated user)",yes,no,no,""
voice-receptionist-end,supabase/functions/voice-receptionist-end/index.ts,serveAuthenticated,"org (authenticated user)",yes,no,no,""
voice-receptionist-settings,supabase/functions/voice-receptionist-settings/index.ts,serveAuthenticated,"org (authenticated user)",yes,no,no,""
voice-receptionist-start,supabase/functions/voice-receptionist-start/index.ts,serveAuthenticated,"org (authenticated user)",yes,no,yes,""
voice-receptionist-tool,supabase/functions/voice-receptionist-tool/index.ts,serveAuthenticated,"org (authenticated user)",yes,no,no,""
voice-receptionist-usage,supabase/functions/voice-receptionist-usage/index.ts,serveAuthenticated,"org (authenticated user)",yes,no,no,""
voice-receptionist-voice-preview,supabase/functions/voice-receptionist-voice-preview/index.ts,serveAuthenticated,"org (authenticated user)",yes,no,no,""
